{
    "scene": [
        {
            "path": "../assets/models/cerberus/cerberus.gltf",
            "position": [ 0.5, 0.20000000298023225, 1.7999999523162842 ],
            "euler": [ 253.8000030517578, 59.0, 224.3000030517578 ],
            "scale": [ 1.0, 1.0, 1.0 ]
        }
    ]
}